id,firstname,lastname,scoring,address,fav_number
100,Sara-Ann,Wyn,496.52,Macau,278
101,Sara-Ann,Halla,131.82,Kolkata,41
102,Margette,Toni,218.89,Kigali,830
103,Ira,Cosenza,895.53,Johannesburg,719
104,Felice,Payson,411.59,Valparaíso,
105,Rosaline,Raychel,842.21,Hong Kong,232
106,Tani,Cordi,990.03,Bandar Seri Begawan,170
107,Millie,Eliathas,591.92,Marseille,303
108,Jsandye,Alwin,568.16,Cockburn Town,70
109,Kaja,Tice,869.04,Tokyo,613
110,Trudie,Meli,295.07,Helsinki,214
111,Olivette,Merat,372.4,Louisville,128
112,Sophia,Erb,769.62,Gaziantep,867
113,Liana,Pattin,470.33,Fredericton,940
114,Merle,Lamoree,738.94,Gaziantep,622
115,Briney,Tice,446.19,Lima,347
116,Alex,Daniele,711.02,Chihuahua,770
117,Roseline,Fiester,730.21,Milwaukee,424
118,Carree,Faust,816.55,Strasbourg,443
119,Sophia,Freddi,803.47,Munich,90
120,Dulce,Quinn,80.58,Porto Velho,436
121,Harrietta,Noman,554.73,Tirana,138
122,Michaelina,Carlson,616.58,New Delhi,176
123,Margalo,Fiester,379.79,Lahore,134
124,Elmira,Frendel,589.45,Hilo,163
125,Philis,Rooney,962.59,Nouméa,502
126,Benita,Bonucci,329.51,Vancouver,
127,Regina,Diogenes,241.48,Guayaquil,9
128,Alejandra,Adlare,275.92,Almaty,914
129,Janenna,Harl,987.48,Manama,516
130,Mallory,Lauraine,526.39,Durban,462
131,Shaine,Carlson,68.6,Shillong,833
132,Viki,Merat,774.97,Strasbourg,227
133,Kial,Ricki,382.32,Lusaka,571
134,Asia,Stefa,645.01,Handan,321
135,Cassondra,Christine,885.53,Suva,760
136,Cathie,Ophelia,465.56,Yekaterinburg,918
137,Valeda,Bigner,825.73,Bishkek,300
138,Corry,Honoria,320.67,South Tarawa,166
139,Dulcinea,Briney,602.57,Valletta,919
140,Madeleine,Lewes,490.6,Cotonou,379
141,Melodie,Vorster,588.76,Macapá,139
142,Theodora,Modie,442.03,Cologne,704
143,Linet,Stuart,896.27,Shanghai,704
144,Averyl,Old,553.11,Panama City,938
145,Dacia,Madaih,533.31,Yamoussoukro,116
146,Tori,Willie,592.78,Nanjing,213
147,Suzette,Ledah,584.17,El Paso,631
148,Blake,Kelula,431.61,Gibraltar,706
149,Damaris,Lail,43.56,Ambon,384
150,Jessy,Vins,68.87,Porto Alegre,
151,Elmira,Voletta,373.41,Antofagasta,859
152,Natka,Grayce,576.63,Taichung,776
153,Carlie,Berard,2.6,Fortaleza,139
154,Gusty,Fredi,898.1,Dammam,570
155,Aaren,Parette,5.53,Tampa,931
156,Kristina,Olnee,539.21,Shenyang,829
157,Roseline,Tacye,373.38,Kaesong,804
158,Mara,Hourigan,462.94,Bursa,470
159,Caressa,Standing,826.34,Campo Grande,298
160,Priscilla,Wenda,403.43,Pretoria,342
161,Eolanda,Teddman,584.49,Makassar,532
162,Gaylene,Stav,710.06,Birkirkara,620
163,Janey,Klemperer,174.18,Ambon,121
164,Catharine,Rustice,325.72,Gaziantep,11
165,Sybille,Phaidra,965.6,Porto Alegre,908
166,Sophia,Kirstin,665.65,Cologne,127
167,Kelly,Tound,174.28,Phnom Penh,802
168,Norine,Seagraves,339.61,Funafuti,885
169,Stacey,Anestassia,223.1,Nanning,741
170,Myriam,Tyson,274.8,Port of Spain,988
171,Briney,Sholley,950.12,Okinawa,309
172,Kary,Maxi,929,Lubumbashi,251
173,Elora,Percy,534.78,Cali,392
174,Kellen,Revkah,902.94,Wellington,685
175,Mildrid,Medrek,81.72,Malmö,161
176,Benita,Simmonds,352.79,Djibouti (city),534
177,Jaclyn,Secrest,325.15,Hyderabad,211
178,Sharlene,Rheingold,590.48,Ponta Delgada,212
179,Tilly,Stav,931.24,City of Halifax,618
180,Cindelyn,Dash,875.94,Addis Ababa,
181,Justinn,Bohlin,360.97,Valdivia,736
182,Bobinette,Sundin,126.41,Hamburg,61
183,Jere,Azeria,139.07,Bamako,980
184,Jerry,Durante,12.63,Kinshasa,342
185,Mady,Voletta,632.2,Montevideo,939
186,Donnie,Sadowski,486.78,Linz,841
187,Marita,O'Carroll,902.87,Antofagasta,232
188,Damaris,Tannie,216.18,Enugu,430
189,Benita,Darrell,71.2,Miami,362
190,Cristine,Idelia,265.56,Edinburgh,539
191,Lynde,Armanda,476.66,Dalian,79
192,Benita,Nea,732.52,Malacca Town,556
193,Antonietta,Amasa,491.84,Tórshavn,368
194,Susette,Rudolph,269.53,Nagoya,320
195,Hallie,Denis,928.51,Santa Cruz de la Sierra,354
196,Frieda,Obed,948.83,Hagåtña,227
197,Heddie,Calhoun,781.5,Yakutsk,311
198,Dione,Devlen,898.07,Hanoi,998
199,Melodie,Mike,187.54,Iquitos,782
200,Henriette,Eben,900.28,Hai Phong,10
201,Evita,Mayeda,301.64,Agartala,462
202,Brana,Jarib,689.3,Yamoussoukro,625
203,Lynea,Daegal,223.47,Kuala Lumpur,653
204,Dede,Bonucci,993.42,Porto,426
205,Carolina,Olympium,399.79,Tampere,811
206,Fanny,Ajay,113.42,Karachi,208
207,Marsiella,Constancy,692.1,Gaza,
208,Dania,Hoenack,200.35,Tegucigalpa,360
209,Kore,Daniele,107.18,Sucre,21
210,Jobi,Sisile,315.97,Nanjing,399
211,Nelle,Xerxes,198.03,Surat,290
212,Patricia,Vanni,116.33,Brikama,428
213,Valera,Lesley,38.55,Quito,682
214,Debee,Anselmi,865.08,Hargeisa,880
215,Charmaine,Standing,177.01,Porto Alegre,187
216,Rani,Raul,816.39,Boa Vista,470
217,Karina,Tayib,732.96,Sarajevo,900
218,Orelia,Dermott,165.27,Longyearbyen,77
219,Marsiella,Tice,66.57,Fukuoka,374
220,Beth,Vary,606.44,Yekaterinburg,774
221,Nariko,Kazimir,336.7,Bratsk,420
222,Melina,Quent,802.01,Guangzhou,91
223,Josephine,Whittaker,477.16,Kiev,547
224,Katleen,Verger,93.51,Curitiba,489
225,Beatriz,Burnside,840.29,Tashkent,399
226,Brena,Nerita,241.89,Tskhinvali,531
227,Moyna,Hermes,82.61,Ambon,904
228,Steffane,Maiah,789.2,Porto Velho,968
229,Ira,Raama,80.37,Milwaukee,894
230,Fidelia,Dowski,913.16,Gibraltar,467
231,Lucy,Weinreb,152.28,Namangan,127
232,Corene,Helfand,814.19,Barcelona,519
233,Deloria,Hilbert,701.86,Concepción,475
234,Tracey,Raseda,755.8,Hiroshima,735
235,Tabbatha,Aida,148.69,Kaohsiung,179
236,Katharina,Schenck,296.23,Papeete,508
237,Siana,Haldas,162.18,Bahía Blanca,186
238,Basia,Noam,796.74,Milan,397
239,Marline,Presber,787.09,Petropavlovsk-Kamchatsky,976
240,Andree,Pitt,220.09,Jamestown,803
241,Karina,Dawkins,162.46,Bujumbura,106
242,Stephanie,Olnee,544.65,Charlotte Amalie,117
243,Monika,Durante,744.82,New Delhi,967
244,Deirdre,Weide,852.62,Davao City,676
245,Nadine,Janith,681.35,Memphis,808
246,Winny,Jerold,887.21,Surabaya,969
247,Dulce,Mauer,548.7,Dalian,27
248,Elise,Adamsen,602.75,Calama,287
249,Reeba,Boycey,490.76,Mexico City,972
250,Rochette,Nisbet,101.07,Douala,37
251,Juliane,Richers,908.13,Malé,581
252,Nananne,Nelsen,148.23,Siem Reap,7
253,Leanna,Killigrew,340.67,Campo Grande,318
254,Zsa Zsa,Halsey,22.37,Chişinău,759
255,Fanny,Roscoe,521.76,Kaohsiung,919
256,Mireielle,Brady,343.79,Horta (Azores),945
257,Wileen,Telfer,31.44,Magadan,456
258,Karolina,Egbert,220.23,Quezon City,774
259,Celene,Lewes,619.02,Santa Cruz de Tenerife,
260,Di,Hortensia,283.21,Tampere,570
261,Melanie,Monk,102.42,Djibouti (city),47
262,Consuela,Wiener,599.51,Moroni,356
263,Vere,Claudine,933.69,Konya,753
264,Jenda,August,289.28,Nukus,982
265,Renie,Carvey,288.74,Stanley,21
266,Lanna,Chandler,43.61,Pyongyang,853
267,Sue,Cordi,249.29,Ouagadougou,975
268,Madeleine,Munn,186.49,Gothenburg,377
269,Elmira,Brenn,237.26,Kingston,770
270,Kalina,Ingra,620.58,Birkirkara,850
271,Gusella,Weaks,556.62,Dibrugarh,799
272,Calla,Jalbert,994.74,Lisbon,641
273,Gabriellia,Phyllis,74.85,Cannes,582
274,Maud,Baudin,315.26,Banjul,447
275,Myrtice,Hilbert,780.52,Baltimore,43
276,Mahalia,Gladstone,79.61,Milan,152
277,Melodie,Tjon,604.32,Prague,545
278,Danika,Bryna,994.75,Dubai,389
279,Belinda,Craggie,671.56,Changchun,595
280,Dulce,Annabella,229.07,Khartoum,183
281,Misha,Jalbert,558.74,Barranquilla,879
282,Carilyn,Marlie,870.45,Rotterdam,189
283,Bernardine,Blake,851.48,Ilhéus,787
284,Hermione,Ariella,590.01,Moscow,485
285,Roseline,Nikaniki,62.79,Barranquilla,295
286,Aurore,Leopold,773.66,Oklahoma City,835
287,Janis,Blase,438.64,Anadyr (town),140
288,Ninnetta,Idelia,308.87,Ulan Bator,270
289,Justinn,Burnside,528.6,Jerusalem,436
290,Frances,Ogren,743.21,Vatican City,26
291,Frances,Johanna,669.21,Sri Jayawardenapura-Kotte,235
292,Danika,My,542.62,Nukulaelae,124
293,Flory,Morehouse,722.77,Reykjavík,304
294,Lolita,Ietta,603.48,Harbin,775
295,Sibella,Aldric,163.07,Nice,455
296,Arabel,Liebermann,433.17,Espoo,507
297,Merci,Charmine,857.33,Jamestown,144
298,Mahalia,Artie,631.87,Sana'a,391
299,Annice,Japeth,450.67,Hanover,283
300,Silvana,Ophelia,63.92,Kano,
301,Tonia,Burch,471.32,Cusco,899
302,Phylis,Daveta,63.91,Leipzig,138
303,Jenda,Abernon,374.48,Jacksonville,758
304,Jan,Colbert,381.3,Rotterdam,766
305,Queenie,Valerio,700.79,Manila,147
306,Misha,Charity,696.36,Rotterdam,20
307,Penelopa,Prober,470.8,Aberdeen,592
308,Micheline,Erlandson,944.51,Greenwich,97
309,Tera,Baylor,250.87,Lima,821
310,Glynnis,Hepsibah,190.79,Sarajevo,625
311,Pollyanna,Prouty,183.29,Ilhéus,969
312,Ketti,Yusuk,83.51,Hat Yai,116
313,Leia,Cath,153.34,El Aaiún,397
314,Helsa,Yoko,217.78,Freetown,568
315,Julieta,Nelsen,29.17,Miami,961
316,Suzette,Abbot,596.51,Dhaka,58
317,Eolanda,Sisile,98.83,Kunming,669
318,Lynnea,Stevy,174.73,Manzini,51
319,Mariele,Ferino,900.95,Cologne,598
320,Aeriela,Morgun,634.83,Livingstone,908
321,Chandra,Dom,886.81,Hilo,215
322,Ursulina,Nedrud,697.18,Canberra,66
323,Viviene,Harriman,649.55,Liverpool,443
324,Lesly,Cornelia,690.74,Espoo,95
325,Ottilie,Gwenore,969.29,Zhengzhou,303
326,Maud,Rogerio,631.34,Fort-de-France,708
327,Tatiania,Zaslow,218.39,Split (city),841
328,Desirae,Lane,835.12,Kansas City,335
329,Corry,Torray,570.25,Sana'a,570
330,Nelle,Marlie,161.57,Blantyre,112
331,Heida,Sikorski,292.8,Surabaya,606
332,Fidelia,Sigfrid,984.77,Rabat,731
333,Concettina,Madaih,190.22,Islamabad,318
334,Juliane,Jena,17.84,Seoul,287
335,Vere,Ade,572.61,Lahore,459
336,Teriann,Mintz,785.93,Gangtok,863
337,Christian,Philipp,382.37,Gold Coast,112
338,Fanny,Goode,814.69,Surat Thani,353
339,Atlanta,Viddah,964.49,Oklahoma City,254
340,Darci,Lindemann,533.02,Norilsk,574
341,Jessy,Alwin,223.95,Winnipeg,717
342,Elbertina,Hoenack,889.52,Helsinki,436
343,Gavrielle,Margret,998.22,Peshawar,507
344,Judy,Dex,674.9,Antananarivo,
345,Mellicent,Bertold,343.01,Ahmedabad,653
346,Roxane,Daniele,185.25,Abidjan,632
347,Yetty,Huggins,635.78,Ashgabat,864
348,Rani,Lemuela,319.87,Cockburn Town,978
349,Cecile,Raul,768.69,Medan,112
350,Binny,Rebecka,582.52,Helsinki,976
351,Layla,Lamoree,572.18,Amsterdam,928
352,Bertine,Sharl,123.91,Düsseldorf,25
353,Alameda,Dreda,898.74,Malé,486
354,Gretal,Albertine,997.89,Muscat,780
355,Jan,Ax,519.19,Dibrugarh,463
356,Renae,Marsden,646.88,Willemstad,360
357,Daune,Zamora,301.81,Budapest,37
358,Clo,Whittaker,129.75,Manama,744
359,Zia,Gualtiero,272.73,Asunción,496
360,Elena,Kristi,135.25,Nakhon Ratchasima,434
361,Kathi,Primalia,514.67,Islamabad,232
362,Dale,Corabella,326.08,Mendoza,10
363,Dennie,Nea,873.55,Bogor,195
364,Gisela,Atcliffe,924.58,Manchester,470
365,Cecile,Bivins,79.81,Saint-Denis,741
366,Ericka,Yusuk,591.73,New Orleans,697
367,Ada,Sperling,933.74,Bissau,561
368,Melisent,Boycey,76.24,Novosibirsk,736
369,Josephine,McClimans,4.31,Dalian,477
370,Nanete,Dielu,619.68,Marrakech,253
371,Tilly,Gregrory,191.04,Zagreb,74
372,Sabina,Allina,929.2,Tbilisi,747
373,Sybille,Howlyn,248.29,Birkirkara,918
374,Arabel,Erb,195.83,Juneau,632
375,Chloris,Ellord,933.53,El Paso,109
376,Kathy,Anderea,870.32,Nanjing,682
377,Eadie,Kiersten,470.88,Ibadan,934
378,Lynde,Liva,729.01,Kansas City,840
379,Romona,Urania,699.18,Los Angeles,882
380,Gretal,Dominy,523.02,Macapá,328
381,Ofilia,Carey,208,Asmara,193
382,Oralee,Charmine,898.06,Pelotas,237
383,Margarette,Cosenza,874.9,San Fernando,896
384,Jinny,Cassius,509.48,Praia,430
385,Fidelia,Hunfredo,436.67,Kraków,360
386,Gerianna,Stefa,63.96,Cairns,715
387,Harrietta,Desai,898.24,Rosario,824
388,Alex,Leonard,929.22,Oranjestad,820
389,Ethel,Vins,65.46,Karachi,382
390,Judy,McLaughlin,104.59,Tartu,736
391,Lolita,Bobbee,627.01,Portland,731
392,Vita,Byrne,485.12,Zagreb,249
393,Corene,Hachmin,419.99,Saint-Denis,423
394,Chloris,Cloris,523.19,Melbourne,655
395,Nelle,Penelopa,554.25,Ndola,33
396,Lita,Johanna,336.3,Surat,287
397,Berget,Bultman,904.12,Jakarta,90
398,Emilia,Sperling,227.01,Jayapura,257
399,Felice,Leonard,712.71,Fairbanks,834
400,Harrietta,Haerr,228.84,Nashville,92
401,Genevra,Amasa,335.01,Vienna,225
402,Fred,Voletta,509.73,Thessaloniki,482
403,Shannah,Vale,795.2,Sofia,241
404,Anestassia,Aida,244.78,Kinshasa,
405,Petronia,Eliathas,386.7,Mamoudzou,785
406,Ursulina,Brotherson,365.9,Brazzaville,438
407,Sadie,Thomasina,896.91,Singapore,462
408,Jinny,Winnick,529.94,Chişinău,203
409,Isa,Phyllis,455.16,Manaus,381
410,Ruthe,Gahl,841.48,Yakutsk,954
411,Ethel,Teryn,782.19,Vienna,307
412,Genevra,Mott,415.92,Providence,560
413,Nariko,Lenny,106.46,Medina,278
414,Judy,Thornburg,521.09,Douala,47
415,Caryl,Tiffa,954.54,Vienna,618
416,Sheree,Drisko,885.89,Porto,729
417,Sara-Ann,Margret,138.19,Santa Cruz de Tenerife,585
418,Orsola,Karl,816.78,Basse-Terre,941
419,Chandra,Dielu,6.95,Campo Grande,528
420,Nickie,Byrne,902.29,Los Angeles,397
421,Lauryn,Chrystel,118.28,Ndola,762
422,Sean,Damarra,9.03,Bilbao,481
423,Kristan,Manolo,505.44,Damascus,431
424,Vevay,Berne,554.1,Raleigh,718
425,Gilda,Jarib,795.39,Nouakchott,297
426,Inga,Presber,401.23,Lanzhou,127
427,Nataline,Uird,825.86,Chuí,976
428,Stacey,Hull,452.31,Toulouse,754
429,Cristine,Artie,524.54,Handan,227
430,Ellette,Corrine,957.35,Santiago de Cuba,257
431,Elmira,Ruvolo,638.89,Kathmandu,158
432,Mariele,Kress,217.77,Panama City,594
433,Micheline,Jerold,242.36,Fairbanks,500
434,Olivette,Santoro,382.16,Malé,513
435,Bertine,Myrilla,700.98,Adana,262
436,Caritta,Plato,886.91,Vitória,855
437,Oralee,Roscoe,607.8,Shanghai,118
438,Gloria,Israeli,339.63,Toulouse,301
439,Tabbatha,Mintz,285.39,The Valley,557
440,Henriette,Roche,759.25,Dakar,922
441,Gerianna,Papageno,261.5,Tskhinvali,832
442,Rosabelle,Fry,74.71,Bern,65
443,Neila,Killigrew,139.2,Thessaloniki,112
444,Devina,Cohdwell,206.74,Ibadan,602
445,Violet,Edmund,590.39,Shigatse,809
446,Aigneis,Kaete,905.28,Pattaya,963
447,Sandie,Riordan,677.38,Fort-de-France,761
448,Dorthy,Eliathas,329.59,Cuiabá,798
449,Betta,Elbertina,417.57,Montevideo,314
450,Tori,Daniele,829.63,Brikama,568
451,Annaliese,Cohdwell,341.32,Marrakech,566
452,Calla,Oriana,225.44,Cincinnati,461
453,Caryl,Naashom,891.07,Cape Town,951
454,Jobi,Emmy,733.73,Pago Pago,748
455,Valera,Carey,343.39,Port Vila,785
456,Aeriela,Chobot,663.42,St. John's,484
457,Lorne,Valoniah,622.2,Invercargill,349
458,Lanna,Florina,590.23,Iquique,490
459,Gerrie,Tjon,929.21,Shanghai,281
460,Charmaine,Vale,763.45,Amsterdam,915
461,Edyth,Huggins,353.23,Naples,996
462,Larine,Corilla,241.04,George Town,865
463,Marcy,Mehalek,948.96,Baltimore,68
464,Deirdre,Edvard,362.63,Nagpur,
465,Darci,Lia,827.21,Lhasa,94
466,Deedee,Wallis,509.74,Mersin,690
467,Lucille,Telfer,222.96,Pune,512
468,Ardys,Alcott,962.13,Hanover,162
469,Cristine,Tatianas,98.68,Tucson,498
470,Doralynne,Carbo,967.31,Ashgabat,223
471,Meghann,Burch,955.93,Incheon,750
472,Blinni,Even,170.03,Vilnius,562
473,Danika,Cosenza,616.26,Sydney,61
474,Jordan,Dorine,720.18,Phnom Penh,983
475,Merry,Tarrant,300.17,Belém,658
476,Brandise,Elephus,795.86,Guayaquil,406
477,Annaliese,Flyn,852.64,Geneva,317
478,Jorry,Aaberg,358.64,Port Blair,478
479,Randa,Sallyann,129.21,Munich,589
480,Maurene,Camden,664.19,Bloemfontein,87
481,Elfreda,Minetta,796.03,Shenzhen,653
482,Margarette,O'Carroll,56.19,Las Vegas,555
483,Melodie,Barney,761.3,Basra,312
484,Allyce,Barrus,525.17,Pyongyang,922
485,Tori,Aurelio,323.38,Salzburg,149
486,Teddie,Seligman,16.68,Jaipur,33
487,Fred,Soneson,406.07,Veracruz,66
488,Donetta,Lowry,375.02,Malang,710
489,Carmela,Eldrid,407.31,Batticaloa,632
490,Nerta,Eckblad,114.49,Arequipa,382
491,Fernande,Katrine,642.35,Berlin,15
492,Gretal,Candy,77.48,Zagreb,429
493,Gwenneth,Shaver,329.89,Udon Thani,856
494,Linzy,Wandie,19.16,Chongjin,921
495,Edyth,Faso,898.98,Doha,432
496,Nananne,Tamsky,920.63,Detroit,99
497,Zaria,Peti,594.16,Yerevan,919
498,Gusella,Faro,319.61,Bilbao,856
499,Lonnie,Curren,44.75,Pune,298
500,Shandie,Ramona,239.27,Lagos,293
501,Karena,Belldas,360.93,Saint-Pierre,352
502,Candy,Catie,995.16,Maputo,800
503,Sarette,Marsden,253.97,San Juan,541
504,Dennie,Kunin,199.89,Vancouver,66
505,Marleah,Revkah,978.86,Seville,426
506,Glynnis,Killigrew,99.71,Kaliningrad,294
507,Cyb,Wesle,761.19,Medina,538
508,Miquela,Quinn,396.62,Bandar Seri Begawan,729
509,Melodie,Jagir,963.33,Mérida,898
510,Ebonee,Swigart,250.1,Labasa,931
511,Kial,Evangelia,371.34,Munich,788
512,Fayre,Munn,131,Alofi,653
513,Kittie,Avi,865.28,Douala,952
514,Mariele,Peti,499.78,San Salvador,667
515,Lucy,Jary,305.99,Banda Aceh,355
516,Elbertina,Cornelia,369.39,Malacca Town,484
517,Mamie,Havens,438.8,Harare,48
518,Ottilie,Newell,629.96,Hobart,680
519,Romona,Strephon,150.1,Pretoria,751
520,Regina,Wenoa,537.28,El Aaiún,237
521,Trixi,Mauer,222.05,Xining,943
522,Mady,Diogenes,909.69,Karachi,184
523,Fina,Herrera,464.71,New York City,748
524,Estell,Briney,181.71,Sana'a,42
525,Therine,Anastatius,323.17,Ho Chi Minh City,144
526,Almeta,Hortensia,759.28,Yakutsk,
527,Dominga,Raseda,131.49,Bergen,593
528,Nariko,Cavan,664.13,Stockholm,877
529,Janeczka,Vittoria,588.56,Manchester,780
530,Sue,Abbot,455.09,Jinan,135
531,Felice,Kirbee,678.29,Zapopan,239
532,Winny,Voletta,735.44,Kyoto,194
533,Nananne,Mitzi,138.81,Kigali,562
534,Aurelie,Graig,180.84,Porto,25
535,Barbara,Toffic,691.65,Riga,80
536,Marcelline,Dawkins,291.34,Rabat,803
537,Valera,Angelis,355.01,Cartagena,304
538,Clary,Cressida,912.56,Invercargill,772
539,Pollyanna,Middleton,450.67,Nassau,285
540,Inga,Soneson,20.24,Funafuti,489
541,Amii,Berne,145.3,Koulikoro,444
542,Mureil,Greenwald,770.36,Ho Chi Minh City,910
543,Ardenia,Bebe,457.16,Ciudad del Este,337
544,Jillayne,Rooney,475.53,Luxembourg (city),812
545,Rani,Germann,968.09,Oklahoma City,607
546,Leia,Chinua,497.09,Oranjestad,263
547,Malina,Voletta,523.36,Jinan,252
548,Kittie,Jess,891.53,Gaza,473
549,Ericka,Armanda,851.37,Helsinki,905
550,Merle,Taima,355.46,Ljubljana,283
551,Brooks,Goldina,830.34,Rotterdam,219
552,Beatriz,Olympium,765.41,The Valley,395
553,Gretal,Niles,834.35,Brussels,227
554,Katleen,Dudley,836.28,Bilbao,665
555,Cherrita,Silvan,163.75,Kaesong,243
556,Janey,Konyn,930.28,Palma,967
557,Zaria,Georgy,342.49,Serekunda,286
558,Leeanne,Stacy,246.14,Nice,720
559,Tani,Wilona,598.55,Taichung,970
560,Chastity,Kunin,208.34,Baghdad,222
561,Tani,Longfellow,468.85,Fort-de-France,736
562,Edith,Kaete,427.2,Kota Bharu,413
563,Michaelina,Adrienne,343.97,Avarua,640
564,Celene,Holbrook,994.56,Havana,686
565,Raina,Annabella,756.73,Wollongong,206
566,Collen,Maroney,599,Tripoli,179
567,Chrystel,Westphal,218.12,Apia,925
568,Cissiee,Yusuk,1.35,Amsterdam,824
569,Kristina,Cecile,952.02,Da Nang,987
570,Hermione,Ackerley,259.87,Pekanbaru,644
571,Susan,Dawkins,841.67,Rosario,683
572,Regina,Iphlgenia,907.62,St. Louis,730
573,Misha,Clywd,687.05,Luxembourg (city),101
574,Christal,Adalbert,948.17,Hilo,521
575,Leanna,Stuart,829.58,Kyoto,497
576,Concettina,Fairweather,964.04,Mendoza,101
577,Shaylyn,Esmaria,830.21,Winnipeg,55
578,Gretal,Catie,561.57,Cali,770
579,Allyce,Amethist,664.83,Vancouver,932
580,Angela,Lay,790.26,Da Nang,816
581,Zia,Genna,89.4,Lagos,
582,Claudina,Vacuva,370.8,Glasgow,163
583,Wynne,MacIntosh,425.24,New York City,343
584,Claresta,Newell,590.99,Miri,161
585,Sheelagh,Jeanne,928.28,Adelaide,307
586,Marline,Campball,397.53,Accra,203
587,Deedee,Delp,97.53,Konya,30
588,Jany,Edmund,895.34,Nicosia,501
589,Annora,Stefa,271.14,Moroni,70
590,Louella,Callista,765.68,Chennai,754
591,Arlena,Helve,72.36,Charlotte Amalie,978
592,Concettina,Sidonius,596.85,Vatican City,55
593,Gertrud,Maples,945.03,Rockhampton,523
594,Katleen,Devlen,540.16,Dublin,808
595,Jerry,Kirbee,48.52,Seoul,902
596,Nickie,Honoria,187.3,Bangkok,960
597,Jessamyn,Gordon,333.85,Hagåtña,335
598,Minne,Adlare,851.51,Helsinki,445
599,Shaine,Wiener,154.19,Pelotas,901
600,Elbertina,Elisha,332.35,Dibrugarh,899
601,Neila,Doig,10.04,Ibiza,7
602,Melina,Charmine,266.03,Turin,484
603,Brandise,Primalia,752.66,Barcelona,908
604,Danika,Agle,309.63,Concepción,378
605,Beth,Parsaye,594.58,Vatican City,506
606,Angelique,Heisel,789.11,Sitka,735
607,Atlanta,Wildermuth,952.53,Copenhagen,939
608,Livvyy,Dex,461.64,Yokohama,838
609,Celestyna,Killigrew,544.46,Douala,69
610,Imojean,Lenny,381.02,Austin,719
611,Marline,Hedve,963.58,Johor Bahru,339
612,Valeda,Clara,178.91,Faisalabad,1000
613,Dione,Flyn,223.87,Ulan Bator,97
614,Jacenta,Ambrosia,346.87,Peshawar,559
615,Annaliese,Geffner,108.5,Dakar,167
616,Mariann,Dichy,13.9,Bridgetown,501
617,Jorry,Chick,950.49,Pago Pago,362
618,Orelia,Yate,407.94,Beirut,703
619,Lisette,Chem,698.81,Osaka,357
620,Ginnie,Yoko,173.88,Livingstone,172
621,Elie,Kress,905.59,Pyongyang,340
622,Cissiee,Havens,400.63,Mexico City,546
623,Audrie,Philipp,597.32,Roseau,75
624,Trudie,Connelly,40.35,Hargeisa,998
625,Chastity,Gilmour,322.59,Dhaka,235
626,Shaylyn,Garrison,385.06,Shijiazhuang,693
627,Ileana,Zamora,707.09,Marseille,812
628,Zsa Zsa,Ackerley,775.98,Vatican City,919
629,Pierette,Sherrie,841.47,Francistown,198
630,Shauna,Pip,9.61,Sapporo,147
631,Goldie,Lacombe,75.38,Las Palmas de Gran Canaria,233
632,Babita,Iiette,695.83,Labasa,216
633,Halette,Susannah,390.15,Bangui,563
634,Fidelia,Kravits,17.55,Leeds,752
635,Sindee,Rosalba,688.54,Addis Ababa,938
636,Nikki,Jagir,259.06,Melekeok,915
637,Odessa,Maples,351.29,Lanzhou,428
638,Merci,Kirbee,523.47,Ibadan,581
639,Marsiella,My,464.7,Belfast,
640,Danika,Killigrew,628.87,Oklahoma City,622
641,Sadie,Ardra,847,Dededo,700
642,Layla,Dunkin,209.5,Amsterdam,407
643,Harmonia,Adamsen,856.93,Labasa,40
644,Rosene,Dreda,729.34,Monrovia,843
645,Isa,Lumbard,732.8,Surat Thani,704
646,Karena,Dalli,134.03,Naples,28
647,Blake,Ball,986.49,Bandung,666
648,Tilly,Crudden,129.43,Cotonou,19
649,Kary,Cynar,473.61,Calama,44
650,Jeanna,Fax,794.7,Port-au-Prince,340
651,Dolli,Mike,653.18,Sukhumi,449
652,Elie,Freddi,892.14,Gibraltar,687
653,Angelique,Donoghue,824.41,Singapore,919
654,Drucie,Gaulin,798.43,Sana'a,971
655,Evita,Dowski,402.5,Malabo,836
656,Jere,Rona,64.57,Tirana,323
657,Carolina,Linskey,217.51,Bratislava,210
658,Maisey,Danby,434.75,South Tarawa,763
659,Loree,Vins,635.24,Bandung,718
660,Elie,Ackerley,319.9,Buenos Aires,969
661,Deedee,Valerio,610.1,Vienna,869
662,Valera,Barrus,778.63,Shillong,353
663,Mara,Schroth,176.66,Ilhéus,259
664,Annaliese,Revkah,999.67,Boston,838
665,Aeriela,Emerson,426.32,Valletta,708
666,Anestassia,Lipson,671.12,Asunción,1000
667,Roz,Toor,786.54,Udon Thani,765
668,Audrie,Center,398.49,Campo Grande,462
669,Viki,Standing,598.47,Campo Grande,646
670,Viviene,Evangelia,766.15,Odessa,860
671,Dominga,Braun,995.35,Chişinău,784
672,Zsa Zsa,Rudolph,784.7,Kota Kinabalu,793
673,Ardeen,Corabella,530.41,Guatemala City,164
674,Shel,Kaja,741.48,Asmara,409
675,Eolanda,Jagir,897.63,Nukuʻalofa,292
676,Tressa,Burkle,139.76,Damascus,177
677,Glynnis,Connelly,115.94,Rio de Janeiro,951
678,Petronia,Ephrem,943.66,Monaco,385
679,Merci,Jethro,603.62,Mendoza,157
680,Marjie,Candy,672.6,Chittagong,851
681,Di,Ioab,189.42,Linz,784
682,Shell,Cosenza,906.24,Honiara,22
683,Thalia,Sandye,443.22,Lyon,464
684,Fred,Harday,499.69,Funafuti,658
685,Orelia,Gregrory,834.97,Petropavlovsk-Kamchatsky,891
686,Theodora,Halsey,13.15,Buffalo,391
687,Tani,Zaslow,53.17,São José dos Campos,326
688,Jsandye,Natica,70.56,Yamoussoukro,499
689,Tonia,Hamil,787.88,Salzburg,811
690,Joelly,Sawtelle,921.08,Geneva,233
691,Darlleen,Bronk,986.61,Palikir,277
692,Concettina,Anderea,934.59,Oklahoma City,268
693,Asia,Lindemann,809.9,Palikir,643
694,Kaia,Cassius,422.22,Yellowknife,787
695,Bee,Maxi,345.19,Horta (Azores),322
696,Therine,Skurnik,228.84,Papeete,203
697,Merry,Eugenia,532.16,São José dos Campos,422
698,Jere,Kirstin,278.06,Cusco,970
699,Alisha,Haymes,195.15,Longyearbyen,703
700,Kary,Artie,211.93,Bulawayo,340
701,Collen,Melan,863.77,Yellowknife,475
702,Felice,Wildermuth,771.78,Khartoum,559
703,Jillayne,Avi,318.28,Port Blair,623
704,Oralee,Virgin,990.82,Vaduz,178
705,Hannis,Zrike,656.68,Amritsar,312
706,Rosene,Adrienne,880.53,Omdurman,601
707,Jinny,Giule,797.93,Yellowknife,735
708,Ebonee,Eldrid,22.33,Serekunda,944
709,Elyssa,Sandye,662.09,Malang,516
710,Adelle,Yoko,277.86,Memphis,38
711,Flo,Syd,144.2,Kota Kinabalu,629
712,Candi,Hartnett,783.48,Yamoussoukro,254
713,Devina,Harriman,502.88,Pretoria,729
714,Taffy,Nedrud,689.55,St. George's,172
715,Gwyneth,Francene,725.27,Guwahati,479
716,Pierette,Mata,285.34,Santiago de Cuba,587
717,Heddie,Orlene,520.46,Roseau,760
718,Shell,Carri,194.93,Niamey,214
719,Tomasina,Lewes,541.62,Okinawa,797
720,Shandie,Ricarda,464.82,Longyearbyen,704
721,Amara,Emerson,256.58,Chihuahua,581
722,Aeriela,Nahum,582.02,Makassar,726
723,Winny,Eno,830.12,San Juan,67
724,Robbi,Dreda,389.54,Amman,842
725,Allis,Jenness,205.08,Xi'an,732
726,Corly,Meter,911.25,Kano,641
727,Ronna,Winnick,718.39,La Paz,717
728,Calla,Kravits,955.08,Anadyr (town),694
729,Kathy,Rese,141.2,Peshawar,341
730,Katuscha,Papageno,708.17,Koror,379
731,Nelle,Noelyn,342.85,Santa Cruz de Tenerife,17
732,Belva,Kronfeld,947.13,Glasgow,119
733,Heddie,Casimir,732.89,Manama,600
734,Ardeen,Rese,518.53,Harbin,
735,Randa,Sundin,969.91,Rockhampton,75
736,Fernande,Rosette,220.08,Faisalabad,314
737,Janey,Anton,203.23,Zhengzhou,536
738,Ethel,Pyle,947.98,New Orleans,228
739,Jessy,Hourigan,740.81,Makati City,822
740,Ermengarde,Hazlett,268.02,Graz,996
741,Estell,Frendel,291.45,Ottawa,267
742,Gloria,McNully,100.55,Mata-Utu,112
743,Gloria,Stover,28.39,Surat,630
744,Nananne,Nester,365.84,Phuket (city),976
745,Aeriela,Ferino,905.22,Kraków,663
746,Shauna,O'Neill,982.52,Ürümqi,891
747,Lenna,Even,940.78,Lviv,187
748,Cathyleen,Kaete,348.39,Zamboanga City,123
749,Linet,Havens,463.03,New York City,354
750,Janeczka,Alisia,898.17,Seoul,964
751,Lolita,Standing,443.16,Kolkata,575
752,Silvana,Lindemann,278.88,Kingstown,871
753,Livvyy,Trace,851.31,Cairo,13
754,Lonnie,Haldas,367.6,Bloemfontein,250
755,Amelia,Lenny,773.06,Mandurah,395
756,Konstance,Thad,490.24,Belmopan,380
757,Amara,Shaver,690.36,Bucharest,753
758,Candi,Taam,461.89,Tampa,80
759,Aurelie,Ephrem,154.09,Maceió,998
760,Lauryn,Merriott,784.65,Providence,974
761,Letizia,Eugenia,19.38,Angra do Heroísmo,874
762,Elora,Stefa,23.54,Jerusalem,889
763,Florencia,Codding,428.92,Funafuti,471
764,Nanete,Dimitris,499.37,Denpasar,39
765,Marcy,Bettine,711.29,Basse-Terre,811
766,Feliza,Cath,114.09,Enugu,931
767,Eadie,Pyle,934.55,Málaga,803
768,Paulita,Maryanne,589.89,Denpasar,149
769,Mireielle,Shirberg,769.47,Raleigh,67
770,Gloria,Tristram,947.51,Hat Yai,444
771,Addia,Adamsen,124.54,Dodoma,721
772,Dacia,Rogerio,192.23,Sri Jayawardenapura-Kotte,391
773,Merrie,Morgun,780.85,Funafuti,494
774,Constance,Dunkin,836.73,Providence,769
775,Genovera,Alejoa,896.73,Whitehorse,831
776,Clary,Tound,104.25,Majuro,664
777,Rochette,Buttaro,197.27,Ludhiana,911
778,Siana,Arvo,353.27,Rotterdam,814
779,Louella,Rurik,103.92,Marseille,2
780,Binny,Mandler,378.01,Amman,303
781,Lolita,Salvidor,651.26,Atlanta,817
782,Jany,Dielu,837.73,Lagos,941
783,Annice,Rhu,301.28,Gibraltar,908
784,Edyth,Tatianas,463.02,Dibrugarh,606
785,Sarette,Seligman,898.12,Caracas,180
786,Tamqrah,Faust,49.89,Port-au-Prince,100
787,Joleen,Francyne,966.6,Turin,730
788,Vivia,Cimbura,533.96,Zagreb,295
789,Di,Euridice,956.22,Punta Arenas,309
790,Heddie,Gower,343.98,Saskatoon,695
791,Donnie,Behre,911.49,Dakar,639
792,Gusty,Wilona,270.02,Moscow,560
793,Codie,Atonsah,584.3,Tel Aviv,550
794,Silvana,Granoff,276.64,Kaliningrad,80
795,Dulcinea,Viddah,997.11,Udon Thani,82
796,Hope,Kiersten,834.85,Kandahar,740
797,Tabbatha,Bury,921.34,Miami,438
798,Lanna,Screens,76.64,Oklahoma City,
799,Ardys,Hathaway,342.42,Campo Grande,473
800,Clarice,Haymes,859.6,Quezon City,735
801,Nyssa,Tamsky,702.87,Yokohama,281
802,Tonia,Carbo,593.69,Las Palmas de Gran Canaria,177
803,Lanae,Harned,112.63,Chicago,100
804,Dale,Ciapas,142.01,Madrid,465
805,Tamqrah,Larochelle,769.29,Guwahati,104
806,Noelle,Felizio,314.15,Hanga Roa,368
807,Carol-Jean,Ranjiv,982.36,Alofi,847
808,Lanae,Dituri,840.12,Toronto,602
809,Aubrie,Tryck,164.34,Yekaterinburg,460
810,Lyssa,Gibbeon,443.64,Kabul,257
811,Maud,Schalles,958.33,Libreville,944
812,Alameda,Heidt,945.33,Assis,489
813,Bibby,Sherrie,448.09,Minneapolis,3
814,Pierette,Libna,791.8,Winnipeg,565
815,Mildrid,Gusella,946.14,Perm,249
816,Kirstin,Kendrick,203.87,Geelong,470
817,Heida,Rona,353.71,Nashville,459
818,Britte,Hebner,127.85,Hilo,954
819,Laurene,Durware,784.54,Bahía Blanca,354
820,Mathilda,Han,971.04,Ilhéus,824
821,Fanchon,Niles,470.87,Mogadishu,
822,Farrah,Mandler,613.12,Tamale,
823,Harmonia,Girardo,462.75,Raleigh,675
824,Cissiee,Emmaline,752.59,Nukuʻalofa,876
825,Hyacinthe,Abbot,592.6,Seville,404
826,Gilligan,Torray,610.61,New Orleans,872
827,Benita,Bryna,201.24,Hangzhou,218
828,Merle,Chapland,561.41,Moroni,418
829,Basia,Prouty,418.75,Yokohama,682
830,Wendi,Anton,967.5,Khartoum,305
831,Jessamyn,Lunsford,224.17,Guatemala City,373
832,Concettina,Kauppi,81.13,Basse-Terre,307
833,Dode,Rese,973.05,Lucknow,908
834,Joeann,Pozzy,665.75,Vitória,608
835,Melanie,Schroth,720.82,Tampa,400
836,Keelia,Obed,7.74,Sitka,88
837,Tressa,Brotherson,602.38,Tokyo,309
838,Tina,Jerold,984.34,Huế,296
839,Adore,Decato,222.37,Fortaleza,845
840,Gavrielle,Sibyls,718.06,Asmara,122
841,Sarette,Dunkin,308.89,Singapore,816
842,Winny,Cecile,261.87,Gaza,427
843,Adriana,Uird,227.61,Montreal,850
844,Clo,Prouty,463.5,Hangzhou,669
845,Aaren,Moina,450.99,Odessa,996
846,Binny,Chauncey,89.73,Tashkent,112
847,Phedra,Hoenack,892.9,Sofia,
848,Merry,Reneta,176.08,Tartu,475
849,Mariann,Valoniah,542.09,Hilo,281
850,Winny,Fink,460.14,Lomé,425
851,Kate,Seumas,414.11,Weno,464
852,Cathie,Vary,370.6,Berlin,417
853,Adelle,Brotherson,155.11,Pago Pago,964
854,Caritta,Soneson,267.57,Ponta Delgada,73
855,Merle,Lay,922.84,Port-au-Prince,238
856,Dorene,Beebe,291.49,Saint Petersburg,892
857,Ariela,Nikaniki,341.7,Yangon,427
858,Jaime,Raimondo,40.6,Dresden,354
859,Maisey,Zrike,937.94,George Town,534
860,Elena,Aldric,917.66,Louisville,129
861,Fawne,Orlene,983.18,Zürich,866
862,Myrtice,Peti,633.59,Jinan,515
863,Nariko,Persse,868.67,Havana,957
864,Kary,Caitlin,319.74,Phuket (city),771
865,Ekaterina,Romelda,265.68,Innsbruck,262
866,Carree,Carleen,380.74,Guayaquil,503
867,Genovera,Malina,969.79,Muscat,752
868,Madelle,Nunci,333.88,Kuching,898
869,Leeanne,Waite,821.08,Yokohama,624
870,Ottilie,Slifka,797.8,Fukuoka,271
871,Genevra,Urias,778.14,Padang,819
872,Pamella,Vittoria,867.78,Seville,982
873,Ardeen,Lacombe,869.84,Kaesong,827
874,Claresta,Aldric,306.07,The Valley,878
875,Petronia,Sharl,810.49,Banjul,239
876,Charmaine,Erlandson,512.08,Ankara,445
877,Andeee,Carvey,827.42,Muscat,651
878,Janenna,Corrine,460.51,Koror,874
879,Fanchon,Demitria,193.11,Warsaw,119
880,Pamella,Edmund,84.22,Daegu,292
881,Jasmina,Raychel,908.91,Rome,352
882,Orelia,Gower,236.31,Chennai,711
883,Dotty,Cressida,78.68,Kraków,677
884,Kylynn,Marsden,343.14,Lviv,939
885,Cassondra,Garlinda,884.5,Muscat,427
886,Tiffie,Aaberg,309.9,Port Elizabeth,235
887,Ilse,Uird,616.88,Montreal,967
888,Lynde,Telfer,438.99,Livingstone,20
889,Ricky,Wooster,620.16,Madrid,790
890,Atlanta,Wooster,775.6,Copenhagen,256
891,Joeann,Wittie,409.71,Vienna,265
892,Cecile,Rooney,636.7,Hamilton,143
893,Marika,Gwenore,652.87,Paris,986
894,Demetris,Henebry,777.59,Santiago de Cuba,694
895,Ebonee,Diann,475.44,Austin,698
896,Glenda,Kravits,320.57,Padang,958
897,Mary,Boehike,514.67,Apia,848
898,Donetta,Ardra,753.26,Mexico City,109
899,Gabriellia,Lauraine,677,Graz,294
900,Gwyneth,Kalinda,416.25,Punta Arenas,962
901,Nikki,Norvol,388.11,Berlin,817
902,Elka,Jaylene,393.62,Valdivia,506
903,Tressa,Leopold,43.26,Santiago de Cuba,844
904,Ermengarde,Bibi,439.72,Da Nang,496
905,Krystle,Curren,225.78,Lhasa,499
906,Heida,Terrence,133.27,Barranquilla,116
907,Edith,Lay,241.86,Accra,229
908,Merry,Tillford,357.77,Greenwich,940
909,Cyndie,Alva,308.75,Copenhagen,960
910,Adriana,Destinee,959.17,Belmopan,773
911,Marinna,Gaspard,327.26,Gaza,862
912,Margalo,Narton,144.22,Christchurch,621
913,Roz,Callista,669.72,Lima,
914,Alyda,Rooney,213.64,Tabriz,374
915,Dorthy,Laurianne,73.98,Gaza,569
916,Deane,Arvo,386.44,Monaco,33
917,Ninnetta,Uund,445.37,Campinas,823
918,Beverley,Lunsford,353.72,Ashgabat,732
919,Krystle,Even,911.25,Glasgow,782
920,Marcelline,Brady,257.38,Incheon,715
921,Natka,Bendick,769.61,Bangui,441
922,Ayn,Sheng,349.55,Ahmedabad,471
923,Penelopa,Callista,604.33,Kandy,16
924,Heida,Korey,742.65,Montreal,411
925,Rhea,Love,678.41,Wichita,154
926,Britte,Girardo,230.98,Maputo,685
927,Katleen,Pierette,432.73,Petropavlovsk-Kamchatsky,679
928,Aaren,Harned,493.71,Udon Thani,849
929,Sue,Hoenack,996.33,Bloemfontein,587
930,Rivalee,Haymes,20.28,Charlotte,501
931,Lolita,Leopold,804.91,San Francisco,981
932,Shirlee,Ranjiv,20.38,Riga,156
933,Elka,Ader,737.05,Mamoudzou,940
934,Ashlee,Bohlin,235.96,Kunming,315
935,Evita,Charity,295.51,Cebu City,602
936,Gwyneth,Tristram,183.87,Yellowknife,9
937,Tani,Libna,612.12,Abu Dhabi,321
938,Nelle,Silvan,802.57,Hong Kong,904
939,Sara-Ann,Pulsifer,495.18,Saint-Denis,318
940,Rivalee,Kronfeld,25.33,Munich,612
941,Ada,Rona,776.19,Mogadishu,858
942,Glenda,Jerald,687.03,Da Nang,951
943,Christal,Gale,946.68,Cairns,352
944,Gratia,Bettine,88.71,Liverpool,105
945,Chickie,Poll,30.33,Barcelona,180
946,Chrystel,Schwejda,166.01,Johor Bahru,917
947,Aimil,Si,112.1,Francistown,239
948,Larine,Baptlsta,139.54,Bursa,234
949,Brooks,Lowry,814.4,Concepción,189
950,Kelly,Urias,435.19,Dongguan,185
951,Tera,McAdams,733.38,Tórshavn,65
952,Sam,Jerold,890.3,Dar es Salaam,643
953,Ninnetta,Fitzsimmons,128.93,Odessa,889
954,Hannis,Mandler,732.87,Memphis,297
955,Danny,Kazimir,379.84,Guayaquil,73
956,Danika,Toffic,860.71,Bloemfontein,630
957,Letizia,Greyson,911.32,London,460
958,Paulita,Whittaker,207.84,Beirut,582
959,Jere,Shama,499.9,Porto Alegre,698
960,Mureil,Florina,831.44,Ciudad del Este,796
961,Giustina,Blisse,488.22,Porto Velho,
962,Reeba,Justinn,459.36,Pekanbaru,29
963,Tami,Han,597.22,Odessa,648
964,Stephanie,Killigrew,684.07,Nukus,900
965,Meriel,Schenck,166.79,El Aaiún,470
966,Georgetta,Rese,790.08,Sydney,800
967,Sybille,Alabaster,629.11,Antwerp,968
968,Emmey,Andrel,253.86,Mecca,905
969,Britni,Clywd,234.21,Paramaribo,647
970,Winny,Linehan,17.34,Ilhéus,133
971,Katleen,Franza,862.38,Douala,447
972,Lanna,Lalitta,218.2,Tampere,865
973,Corina,Brodench,29.29,Graz,285
974,Sheree,Standing,883.57,Brussels,250
975,Deirdre,Gabrielli,83.88,Murmansk,367
976,Adele,Ventre,673.76,Arequipa,556
977,Verla,Keelia,132.04,Paris,744
978,Alejandra,Riordan,571.09,Porto,557
979,Eolanda,Dahlia,624.99,Cartagena,933
980,Lolita,Loeb,580.66,Nouméa,144
981,Jan,Nickola,32.8,Murmansk,577
982,Tarra,Ries,771.47,Concepción,111
983,Bernie,Dahlia,839.25,Hong Kong,748
984,Ariela,Cecile,663.69,Fukuoka,65
985,Tierney,Remmer,349.85,Adamstown,168
986,Gavrielle,Garlinda,881.55,Surat Thani,774
987,Kellen,Gabrielli,70.62,Chittagong,593
988,Hyacinthe,Ehrman,830.35,Kunming,614
989,Vanessa,Carey,157.82,Yaren District,223
990,Nyssa,Hoban,285.52,Horta (Azores),740
991,Orelia,Tengdin,108.68,Copenhagen,754
992,Deane,Iphlgenia,320.2,Yellowknife,371
993,Roberta,Boycey,111.82,Albuquerque,206
994,Teddie,Pond,30.07,Melbourne,48
995,Genevra,Guildroy,796.69,Quebec City,472
996,Aili,Janith,789.17,Vaduz,434
997,Justinn,Skurnik,284.65,Dongguan,673
998,Veda,Marijo,427.14,Christchurch,667
999,Mignon,Casimir,112.21,Belgrade,892
1000,Marcelline,Miru,389.05,Fredericton,903
1001,Devina,Primalia,57.67,Maseru,871
1002,Frieda,Smitt,269.61,Belém,969
1003,Mamie,Fax,198.08,Banda Aceh,684
1004,Olivette,Nea,72.52,Buffalo,250
1005,Genevra,Liebermann,808.66,Ouagadougou,189
1006,Zaria,Aldric,190.36,Buenos Aires,161
1007,Talya,Middleton,994.3,Port Elizabeth,130
1008,Amalie,Maurine,695.08,Paris,638
1009,Ketti,Kare,777.93,Yogyakarta (city),133
1010,Neila,Bobbee,219.78,Enugu,763
1011,Sandie,O'Carroll,251.23,Düsseldorf,285
1012,Catrina,Wattenberg,151.37,Kuwait City,751
1013,Chickie,Timon,234.13,Calgary,390
1014,Valera,Bollay,517.52,Cape Town,2
1015,Lusa,Marisa,179.64,Shenzhen,944
1016,Di,Joeann,597.3,Pekanbaru,581
1017,Brana,O'Rourke,424.27,Chongqing,760
1018,Judy,Liva,773.55,Suez,
1019,Teddie,Cleo,10.76,Pontianak,740
1020,Modestia,Celestine,708.92,San Francisco,994
1021,Gwyneth,Munn,117.71,Rio de Janeiro,770
1022,Monika,Cloris,925.64,Colombo,137
1023,Lynea,Erlandson,368.71,Guangzhou,310
1024,Sallie,Reidar,700.7,Toronto,365
1025,Vevay,Arley,693.62,Luxor,507
1026,Shell,Artie,148.25,Okinawa,688
1027,Dorothy,Cimbura,528.55,Oranjestad,648
1028,Mureil,Gaal,585.98,Darwin,88
1029,Lorie,Bahr,11.98,Nakhon Ratchasima,632
1030,Sissy,Neva,297.04,Yamoussoukro,514
1031,Leanna,Philipp,275.2,Punta Arenas,229
1032,Gloria,Rosalba,565.06,Durban,1000
1033,Rosaline,Slifka,27.42,Rabi Island,836
1034,Gratia,Poll,497.28,Sri Jayawardenapura-Kotte,733
1035,Imojean,Huggins,847.83,Port Vila,940
1036,Charissa,Pip,509.37,Multan,488
1037,Esmeralda,Monaco,13.75,Manaus,458
1038,Yvonne,Harned,201.31,Yokohama,356
1039,Lindie,Breed,226.31,Washington,930
1040,Carilyn,Salvidor,133.4,Palma,893
1041,Lynde,Stilwell,46.5,Pittsburgh,814
1042,Liana,Thad,47.08,Lobamba,963
1043,Zondra,Autrey,469.95,Iloilo City,326
1044,Delilah,Kesley,976.08,Bern,64
1045,Kristina,Thilda,293.93,Los Angeles,159
1046,Gilda,Ailyn,941.84,Gothenburg,85
1047,Correy,Payson,382.35,Mata-Utu,836
1048,Binny,Bashemeth,127.01,Jaipur,176
1049,Sybille,Morehouse,990.85,Castries,798
1050,Chickie,Jagir,923.09,Francistown,864
1051,Elena,Macey,374.79,Ljubljana,555
1052,Pearline,Casimir,947.12,Norilsk,240
1053,Cordi,Justinn,454.47,Hamilton,821
1054,Maye,Campball,785.4,Koror,324
1055,Nataline,Simmonds,379,Bucharest,225
1056,Janenna,Minetta,943.74,Cardiff,847
1057,Gusty,Carri,672.36,Mogadishu,568
1058,Hermione,Couture,324.35,New York City,371
1059,Sean,Dawkins,824.01,Chaguanas,30
1060,Adele,Goddard,491.09,Port Louis,739
1061,Hermione,Vittoria,324.79,Jaipur,410
1062,Taffy,Selway,953.17,Kobe,364
1063,Goldie,Riordan,510.23,Fukuoka,
1064,Elise,Marisa,36.9,Mbabane,125
1065,Thalia,Stelle,661.29,Medan,355
1066,Lila,Gaspard,424.6,Dunedin,694
1067,Mildrid,Nester,940.95,Denver,876
1068,Tarra,Sparhawk,717.71,Kolkata,122
1069,Kate,Rooney,903.57,Townsville,885
1070,Brynna,Rolf,397.52,Namangan,578
1071,Leanna,Faro,856.16,Campinas,887
1072,Desirae,Chandler,730.15,Iqaluit,21
1073,Rochette,Stav,280.51,Changchun,95
1074,Rayna,Eugenia,879.53,Rabat,567
1075,Annabela,Anestassia,745.43,Libreville,484
1076,Rayna,Peti,983.17,Cannes,62
1077,Mellicent,Tatianas,79.25,Novosibirsk,806
1078,Vonny,Jena,739.93,Bangkok,147
1079,Celene,Medrek,749.5,Kuwait City,757
1080,Ilse,Dosia,807.36,Wollongong,615
1081,Kayla,Dom,436.93,Dodoma,131
1082,Annecorinne,Avi,629.27,Barcelona,219
1083,Cam,Diann,13.43,Santiago de Cuba,864
1084,Sue,Astra,396.28,Hargeisa,893
1085,Clarice,Yerkovich,359.25,Denpasar,202
1086,Annaliese,Brandice,294.63,Djibouti (city),900
1087,Dulce,Dreda,624.22,Hagåtña,1
1088,Winny,Gaal,6.43,Nashville,205
1089,Amii,Bearnard,105.21,Sydney,197
1090,Oralee,Silvan,13.14,Melekeok,983
1091,Johna,Wittie,797.27,Geneva,203
1092,Florie,Carleen,892.38,Los Angeles,533
1093,Clary,Ammann,975.19,St. Louis,338
1094,Anestassia,Madelene,201.67,Macau,498
1095,Evita,Hanshaw,827.54,Naypyidaw,404
1096,Chandra,Wallis,874.2,Saint-Denis,327
1097,Renie,Dreda,475.06,Monterrey,528
1098,Margarette,Ahab,990.12,Amman,620
1099,Mahalia,Cherianne,464.78,South Tarawa,810
